machine_id,machine_type,installation_year,operational_hours,temperature_c,vibration_mms,sound_d_b,oil_level_pct,coolant_level_pct,power_consumption_k_w,last_maintenance_days_ago,maintenance_history_count,failure_history_count,ai_supervision,error_codes_last_30_days,remaining_useful_life_days,failure_within_7_days,ai_override_events
MC_000043,CNC_Lathe,2017,2027,68.01,13.44,67.52,62.64,74.9,275.82,4,6,1,TRUE,3,935,FALSE,1
MC_000559,CNC_Lathe,2016,90589,68.55,24.57,70.69,78.57,31.7,97.35,245,8,1,FALSE,7,44,FALSE,0
MC_000754,CNC_Lathe,2017,72437,61.8,10.8,70.59,54.41,46.86,236.93,263,7,2,FALSE,6,261,FALSE,0
MC_000920,CNC_Lathe,2016,95530,55.28,8.77,77.65,83.13,61.52,49.24,213,6,4,TRUE,3,0,TRUE,2
MC_002387,CNC_Lathe,2017,55077,87.1,17.62,69.39,62.75,45.97,250.38,304,6,3,TRUE,6,380,FALSE,1
MC_002398,CNC_Lathe,2017,42655,76.86,16.34,74.45,55.81,66.11,112.23,192,10,1,FALSE,3,456,FALSE,0
MC_003611,CNC_Lathe,2016,60612,38.82,7.5,76.98,41.34,71.6,234.4,148,7,2,FALSE,3,332,FALSE,0
MC_004176,CNC_Lathe,2016,99809,50.56,15.43,78.1,79.82,57.74,219.96,33,3,1,FALSE,2,0,TRUE,0
MC_004264,CNC_Lathe,2016,38316,62.85,11.73,84.7,75.1,57.37,160.8,281,3,1,TRUE,3,621,FALSE,2
MC_004993,CNC_Lathe,2017,92222,45.3,13.83,64.88,100,68.57,148.82,246,7,1,TRUE,6,83,FALSE,2
MC_005938,CNC_Lathe,2017,54710,69.08,19.83,64.08,54.69,93.32,198.21,250,6,1,FALSE,1,380,FALSE,0
MC_007767,CNC_Lathe,2017,49346,43.08,1.97,70.28,16.17,55.81,145.9,53,6,3,FALSE,6,599,FALSE,0
MC_008110,CNC_Lathe,2017,52197,61.66,5.84,75.96,73.25,77.35,206.37,98,4,6,TRUE,4,380,FALSE,3
MC_009895,CNC_Lathe,2016,9103,48.5,7.75,77.23,34.31,84.83,238.64,354,6,1,FALSE,2,927,FALSE,0
MC_010518,CNC_Lathe,2017,25388,65.46,13.54,75.55,71.67,82.04,245.74,24,2,3,FALSE,1,698,FALSE,0
MC_010689,CNC_Lathe,2017,50417,86.09,8.62,66.33,83.43,73.23,-12.46,151,8,4,FALSE,5,479,FALSE,0
MC_012952,CNC_Lathe,2016,17087,36.31,13.43,57.71,72.23,82.38,147.81,301,8,3,FALSE,4,813,FALSE,0
MC_013992,CNC_Lathe,2017,38376,68.54,6.42,87.04,34.22,50.27,61.2,96,10,4,TRUE,3,477,FALSE,2
MC_016749,CNC_Lathe,2016,95179,46.49,15.37,78.11,91.12,82.22,125.76,42,7,2,TRUE,4,0,TRUE,1
MC_017273,CNC_Lathe,2016,72050,67.12,09.06,64.81,68.63,53.22,234.04,216,3,1,FALSE,2,282,FALSE,0
MC_018580,CNC_Lathe,2017,54313,52.71,6.22,71.18,74.43,93.55,315.74,113,4,1,TRUE,1,459,FALSE,2
MC_019707,CNC_Lathe,2017,69019,45.98,14.11,79.54,81.7,100,35.63,172,4,3,FALSE,3,275,FALSE,0
MC_020803,CNC_Lathe,2016,51857,35.98,10.72,76.42,69.68,64.96,193.71,104,5,2,FALSE,2,373,FALSE,0
MC_021765,CNC_Lathe,2017,72599,73.02,4.11,83.04,86.66,80.48,-22.61,328,6,1,FALSE,0,179,FALSE,0
MC_022575,CNC_Lathe,2016,11680,50.36,14.15,72.01,61.13,56.93,175.98,345,7,2,FALSE,2,840,FALSE,0
MC_022837,CNC_Lathe,2017,19250,72.88,8.55,75.15,78.39,31.14,-36.45,306,7,1,FALSE,2,683,FALSE,0
MC_023742,CNC_Lathe,2016,6253,48.85,3.91,70.61,52.49,83.62,140.1,89,6,2,TRUE,2,882,FALSE,4
MC_023955,CNC_Lathe,2016,4067,49.99,15.58,62.35,54.68,97.18,267.7,314,4,2,FALSE,0,834,FALSE,0
MC_024116,CNC_Lathe,2016,25690,49.83,6.3,53.16,58.39,67.65,213.71,299,9,3,FALSE,3,708,FALSE,0
MC_024337,CNC_Lathe,2017,60495,69.46,3.37,82.89,60.28,36.1,91.24,304,6,4,FALSE,2,329,FALSE,0
MC_025838,CNC_Lathe,2017,81929,60.1,6.49,87.25,47.34,100,37.25,358,7,7,FALSE,3,12,FALSE,0
MC_026453,CNC_Lathe,2016,95424,63.87,3.5,74.54,69.64,78.38,187.99,343,7,2,TRUE,0,44,FALSE,4
MC_028131,CNC_Lathe,2016,52084,64.78,17,86.64,90.8,100,175.71,320,6,2,FALSE,5,461,FALSE,0
MC_028235,CNC_Lathe,2017,52182,64.08,18.08,73.8,91.87,50.18,60.2,184,5,1,FALSE,3,395,FALSE,0
MC_028740,CNC_Lathe,2016,32733,64.28,14.18,80.77,25.63,44.44,96.65,40,5,4,FALSE,2,592,FALSE,0
MC_029203,CNC_Lathe,2016,12842,48.36,5.57,75.02,51.67,46.48,160.6,15,11,2,FALSE,0,882,FALSE,0
MC_029887,CNC_Lathe,2017,8656,81.38,5.84,82.27,95.74,84.59,112.22,143,6,3,TRUE,2,906,FALSE,1
MC_030653,CNC_Lathe,2017,14510,55.23,5.34,92.18,48.94,56.21,260.77,274,4,5,TRUE,2,807,FALSE,2
MC_030777,CNC_Lathe,2017,35936,45.66,13.45,67.91,76.13,65.98,161.7,254,6,1,FALSE,3,585,FALSE,0
MC_031615,CNC_Lathe,2017,75063,74.55,15.03,68.1,54.27,10.39,277.31,45,1,3,TRUE,2,170,FALSE,5
MC_032170,CNC_Lathe,2016,45324,47.98,3.36,91.35,61.28,38.94,107.77,228,2,2,FALSE,3,465,FALSE,0
MC_032583,CNC_Lathe,2017,17586,37.88,11.34,84.34,49.72,90.84,176.34,139,8,3,FALSE,5,815,FALSE,0
MC_033373,CNC_Lathe,2016,26418,25.81,13.27,66.74,70.27,68.13,184.99,135,4,2,FALSE,5,737,FALSE,0
MC_035376,CNC_Lathe,2016,12411,62.32,12.96,84.29,81.24,62.51,325.91,357,3,2,FALSE,8,779,FALSE,0
MC_036085,CNC_Lathe,2016,55938,43.76,13.52,80.81,59.81,48,102.2,300,6,2,FALSE,6,400,FALSE,0
MC_037050,CNC_Lathe,2016,53515,42.12,7.92,87.19,42.74,61.74,157.02,61,3,2,FALSE,2,467,FALSE,0
MC_037838,CNC_Lathe,2016,6587,62.81,7.41,77.84,42.98,71.06,10.95,340,7,1,FALSE,2,859,FALSE,0
MC_038322,CNC_Lathe,2017,57256,72.66,12.49,90.78,100,43.69,218.64,167,2,3,FALSE,5,391,FALSE,0
MC_038569,CNC_Lathe,2017,86526,55.71,13.41,69.95,63.76,75.62,174.86,105,6,1,FALSE,4,116,FALSE,0
MC_039154,CNC_Lathe,2017,51625,46.33,9.69,72.58,93.61,37.71,192.11,273,9,2,TRUE,2,468,FALSE,3
MC_040839,CNC_Lathe,2017,79222,45.29,19.2,76.39,81.56,36.1,129.54,135,4,2,FALSE,2,79,FALSE,0
MC_041068,CNC_Lathe,2016,2817,71.06,13.01,66.11,67.88,55.16,93.91,346,7,1,FALSE,3,884,FALSE,0
MC_042445,CNC_Lathe,2017,23998,35.25,13.68,91.38,80.37,79.3,186.29,292,9,1,FALSE,4,783,FALSE,0
MC_043407,CNC_Lathe,2017,4806,88.36,18.33,68.71,100,33.05,92.41,247,3,2,FALSE,4,851,FALSE,0
MC_043942,CNC_Lathe,2016,67399,32.89,1.2,72.43,51.94,59.92,111.5,300,2,2,FALSE,4,286,FALSE,0
MC_044706,CNC_Lathe,2016,85243,49.24,5.1,88.4,67.24,92.03,33.4,261,5,2,FALSE,5,78,FALSE,0
MC_045004,CNC_Lathe,2016,18332,59.13,7.71,53.63,55.18,100,142.21,76,2,1,FALSE,1,826,FALSE,0
MC_045544,CNC_Lathe,2017,74383,58.12,5.65,71.87,72.61,56.3,220.18,199,1,2,FALSE,1,283,FALSE,0
MC_047524,CNC_Lathe,2016,18261,45.56,15.74,74.82,100,65.56,56.37,223,3,2,FALSE,3,674,FALSE,0
MC_048249,CNC_Lathe,2017,20579,62.62,8.32,75.63,61.33,71.67,140.77,71,3,2,FALSE,0,750,FALSE,0
MC_048333,CNC_Lathe,2016,28550,69.78,15.24,62.03,68.77,100,35.07,247,10,2,FALSE,2,702,FALSE,0
MC_049927,CNC_Lathe,2016,42151,48.1,0.29,80.18,44.41,67.21,246.2,334,2,2,FALSE,4,619,FALSE,0
MC_050769,CNC_Lathe,2017,51562,52.93,7.79,84.91,69.06,57.28,72.91,355,3,2,FALSE,2,468,FALSE,0
MC_051494,CNC_Lathe,2016,76643,37.8,16.22,69.27,82.94,43.75,172.2,230,6,2,FALSE,1,248,FALSE,0
MC_051657,CNC_Lathe,2016,898,70.82,06.09,83.87,31.68,42.41,90.21,234,5,1,FALSE,1,927,FALSE,0
MC_051712,CNC_Lathe,2017,43349,61.71,2.36,97.98,67.98,37.41,187.49,160,6,5,FALSE,3,489,FALSE,0
MC_052307,CNC_Lathe,2016,43244,90.69,11.62,76.32,57.7,44.64,66.41,237,7,1,FALSE,5,541,FALSE,0
MC_052779,CNC_Lathe,2016,65504,32.55,18.18,73.91,67.08,72.81,150.66,195,7,2,FALSE,2,331,FALSE,0
MC_053031,CNC_Lathe,2017,35801,59.28,11.53,79.01,94.66,69.6,185.45,175,7,1,TRUE,3,539,FALSE,0
MC_053555,CNC_Lathe,2016,84847,56.44,0.21,63.38,70.55,59.79,154.99,112,6,4,TRUE,2,90,FALSE,2
MC_053799,CNC_Lathe,2016,96350,52.28,10.83,77.8,16.58,71.06,227.13,19,7,2,TRUE,4,10,FALSE,3
MC_054766,CNC_Lathe,2017,40052,60.3,12.44,79.51,74.47,94.91,122.16,8,7,1,FALSE,1,605,FALSE,0
MC_057060,CNC_Lathe,2017,65479,46.17,5.35,70.64,80.16,49.96,136.52,20,4,4,TRUE,1,319,FALSE,2
MC_057649,CNC_Lathe,2016,49510,47.46,16.05,87.83,41.13,81.41,153.85,323,1,1,FALSE,5,453,FALSE,0
MC_060702,CNC_Lathe,2016,91345,81.7,8.79,72.33,84.15,30.28,187.95,327,10,3,FALSE,3,21,FALSE,0
MC_062300,CNC_Lathe,2017,19717,80.24,20.75,63.62,60.04,50.54,254.57,307,7,2,FALSE,2,736,FALSE,0
MC_062456,CNC_Lathe,2017,71413,52.3,4.36,64.79,49.79,41.25,150.87,75,6,2,FALSE,2,248,FALSE,0
MC_062571,CNC_Lathe,2017,68633,51.76,2.3,75.11,100,63.29,72,309,6,3,FALSE,4,271,FALSE,0
MC_062701,CNC_Lathe,2016,95606,67.34,10.78,61.07,47.18,74.18,126.28,293,7,2,FALSE,4,0,TRUE,0
MC_062720,CNC_Lathe,2017,48156,75.75,11.32,64.09,80.14,79.63,133.25,238,4,1,FALSE,7,580,FALSE,0
MC_063624,CNC_Lathe,2016,85980,37.64,11.39,83.49,61.58,45.61,174.81,307,4,3,TRUE,5,76,FALSE,3
MC_064451,CNC_Lathe,2016,51818,77.19,9.55,79.73,52.37,90.54,90.43,340,5,3,TRUE,3,442,FALSE,4
MC_065393,CNC_Lathe,2017,40103,69.7,16.05,85.6,99.92,61.91,108.5,241,6,2,FALSE,7,707,FALSE,0
MC_065967,CNC_Lathe,2017,89143,53.21,12.34,77.46,55.12,49.68,248.11,162,9,1,TRUE,7,19,FALSE,1
MC_067867,CNC_Lathe,2016,5816,70.25,7.33,66.54,69.79,31.86,-25.27,45,4,2,FALSE,3,918,FALSE,0
MC_068090,CNC_Lathe,2017,87421,65.58,08.01,61.93,45.06,42.11,129.18,342,4,3,FALSE,3,81,FALSE,0
MC_068815,CNC_Lathe,2017,84659,65.19,5.45,75.61,80.26,80.33,166.38,315,7,8,FALSE,3,139,FALSE,0
MC_068976,CNC_Lathe,2017,43084,50.22,12.5,60.45,63.28,100,174.14,29,7,1,FALSE,1,589,FALSE,0
MC_068996,CNC_Lathe,2017,2722,40.76,7.87,61.76,100,69.35,324.91,50,4,3,FALSE,4,908,FALSE,0
MC_069976,CNC_Lathe,2016,38752,78.59,13.34,65.77,66.32,75.35,123.82,159,6,3,FALSE,2,488,FALSE,0
MC_070208,CNC_Lathe,2016,22553,64.27,4.91,84.53,71.55,53.69,206.54,283,5,2,FALSE,1,735,FALSE,0
MC_071513,CNC_Lathe,2017,97256,67.41,4.84,89.93,68.9,43.46,312.53,259,3,4,TRUE,1,0,TRUE,2
MC_071903,CNC_Lathe,2016,87665,45,9.43,69.7,100,71.86,-11.2,105,5,1,FALSE,5,52,FALSE,0
MC_072275,CNC_Lathe,2017,43014,44.25,8.88,57.47,64.38,48.18,131.98,316,7,2,FALSE,2,560,FALSE,0
MC_072534,CNC_Lathe,2016,52878,68.6,14.59,65.21,99.77,48.03,254.85,343,4,1,TRUE,2,442,FALSE,2
MC_073030,CNC_Lathe,2016,21117,70.96,11.76,70.67,72.73,24.18,162.94,105,3,5,TRUE,3,707,FALSE,1
MC_074020,CNC_Lathe,2016,39319,58.92,15.28,105.8,45.5,56.57,207.2,246,3,3,FALSE,3,512,FALSE,0
MC_074256,CNC_Lathe,2017,57762,54.81,-5.8,78.71,63.02,61.7,196.58,282,5,3,FALSE,4,495,FALSE,0
MC_074615,CNC_Lathe,2017,46254,78.6,8.43,76.85,89.62,73.86,186.94,1,5,5,FALSE,7,495,FALSE,0
MC_075222,CNC_Lathe,2017,22022,76.59,12.53,72.65,67.08,91.38,67.84,331,7,2,TRUE,2,737,FALSE,3
MC_076482,CNC_Lathe,2017,93767,81.02,11.03,71,84.32,65.87,239.09,236,6,1,FALSE,3,3,TRUE,0
MC_077943,CNC_Lathe,2017,41659,53.6,16.43,75.19,80.83,80.74,67.61,210,8,2,TRUE,5,502,FALSE,4
MC_078013,CNC_Lathe,2017,5690,59.37,9.64,80.48,66.03,52.74,209.21,42,3,3,TRUE,0,871,FALSE,2
MC_078749,CNC_Lathe,2016,32663,90.31,15.08,62.29,49.97,54.11,285.41,181,8,3,TRUE,2,602,FALSE,3
MC_079956,CNC_Lathe,2017,96965,98.85,7.3,68.63,100,51.12,155.26,111,3,5,FALSE,3,0,TRUE,0
MC_080226,CNC_Lathe,2016,96662,73.88,9.81,72.74,65.01,64.03,235.14,158,8,1,FALSE,3,0,TRUE,0
MC_080986,CNC_Lathe,2017,66041,88.34,9.52,76.76,92.52,41.49,-38.38,63,9,1,TRUE,1,290,FALSE,1
MC_081447,CNC_Lathe,2016,45846,47.48,10.3,54.31,49.98,69.66,43.78,86,4,1,TRUE,8,343,FALSE,2
MC_081587,CNC_Lathe,2017,11879,62.74,1.21,82.43,88.31,60.8,235.09,159,1,2,TRUE,0,903,FALSE,1
MC_084558,CNC_Lathe,2017,68661,85.46,9.43,77.29,82.96,40.23,188.34,5,2,1,FALSE,1,190,FALSE,0
MC_085217,CNC_Lathe,2016,51047,75.02,6.83,93.99,76.8,78.24,199,250,2,5,FALSE,4,433,FALSE,0
MC_086764,CNC_Lathe,2017,43195,38.91,22.93,61.17,74.32,72.74,188.75,179,3,5,FALSE,5,502,FALSE,0
MC_087183,CNC_Lathe,2016,85172,69.29,3.46,72.62,100,60.33,194.64,103,4,1,TRUE,1,110,FALSE,0
MC_087602,CNC_Lathe,2017,52306,54.55,13.89,90.05,93.05,84.57,199.58,3,6,3,FALSE,1,348,FALSE,0
MC_087799,CNC_Lathe,2017,55133,52.17,10.36,62.11,76.19,50.34,205.12,39,7,1,FALSE,3,396,FALSE,0
MC_088322,CNC_Lathe,2016,55065,64.91,19.01,65.5,75.55,58.02,195.78,365,6,3,TRUE,1,315,FALSE,2
MC_090425,CNC_Lathe,2016,17784,74.12,8.49,74.86,100,68.63,190.27,125,3,1,FALSE,6,773,FALSE,0
MC_090522,CNC_Lathe,2016,47832,51.88,2,97.99,90.92,74.61,323.83,242,3,1,FALSE,4,460,FALSE,0
MC_091839,CNC_Lathe,2016,45632,70.09,21.85,89.46,64.22,59.01,72.32,49,7,4,TRUE,4,507,FALSE,2
MC_092278,CNC_Lathe,2016,16499,58.12,8.48,84.35,62.44,100,126.82,242,7,3,FALSE,6,761,FALSE,0
MC_094640,CNC_Lathe,2016,64984,42.78,9.94,76.03,66.61,15.52,104.25,90,9,2,FALSE,5,302,FALSE,0
MC_095399,CNC_Lathe,2017,71542,41.21,6.58,63.58,55.48,100,17.41,2,1,4,TRUE,4,280,FALSE,0
MC_095952,CNC_Lathe,2016,62139,39.5,4.69,75.79,67.88,59.93,126.28,228,4,1,FALSE,4,364,FALSE,0
MC_096430,CNC_Lathe,2016,63211,45.83,9.67,82.65,77.94,100,75.91,361,5,1,FALSE,3,333,FALSE,0
MC_096662,CNC_Lathe,2016,48099,53.2,3.73,71.46,93.4,85.35,324.01,52,6,1,TRUE,3,507,FALSE,3
MC_096728,CNC_Lathe,2017,52948,64.97,8.43,87.77,39.24,47.05,217.43,332,6,2,TRUE,3,392,FALSE,0
MC_098683,CNC_Lathe,2017,37927,39.11,13.03,74.23,42.49,35.49,279.04,138,9,1,FALSE,6,582,FALSE,0
MC_100736,CNC_Lathe,2016,77941,68.72,16.46,95.99,100,74.48,205.98,78,8,2,TRUE,2,148,FALSE,1
MC_100815,CNC_Lathe,2017,6891,57.49,3.89,73.48,85.43,79.71,37.26,202,6,2,FALSE,1,839,FALSE,0
MC_103513,CNC_Lathe,2017,54653,45.29,8.85,85.78,58.38,85.8,54.91,97,3,1,FALSE,3,448,FALSE,0
MC_104029,CNC_Lathe,2016,46303,55.72,16.09,79.04,61.02,37.58,207.93,246,1,3,FALSE,2,524,FALSE,0
MC_104267,CNC_Lathe,2016,36055,65.09,4.47,68.93,37.99,81.52,150.31,103,3,2,FALSE,4,658,FALSE,0
MC_106240,CNC_Lathe,2017,99413,79.98,8.4,75.54,100,75.43,270.87,214,5,3,FALSE,2,19,FALSE,0
MC_106607,CNC_Lathe,2016,92545,37.21,10.62,63.09,68.06,41.59,189.4,243,6,1,TRUE,3,26,FALSE,2
MC_107769,CNC_Lathe,2016,22684,48.37,11.12,77.36,94.15,43.7,169.98,80,3,3,FALSE,1,758,FALSE,0
MC_109136,CNC_Lathe,2017,79620,72.67,10.83,75.16,64.94,67.11,188.96,207,6,3,FALSE,1,142,FALSE,0
MC_109488,CNC_Lathe,2017,4219,63.62,4.69,72.58,70.72,63.88,199.4,21,8,1,FALSE,4,957,FALSE,0
MC_111561,CNC_Lathe,2017,32541,75.33,12.18,57.35,67.24,57.33,105.12,253,1,3,FALSE,4,636,FALSE,0
MC_111880,CNC_Lathe,2016,51469,85.18,7.95,75.88,67.93,100,157.44,208,7,2,FALSE,5,456,FALSE,0
MC_111881,CNC_Lathe,2016,65861,48.55,7.5,77.18,84.01,83.8,94.12,292,3,2,TRUE,3,305,FALSE,5
MC_112297,CNC_Lathe,2017,78711,46.02,11.99,85.85,38.17,50.6,215.96,284,8,1,TRUE,3,197,FALSE,2
MC_113012,CNC_Lathe,2017,20205,76.64,13.81,92.51,48.09,59.95,81.11,115,5,1,FALSE,4,736,FALSE,0
MC_113572,CNC_Lathe,2017,60144,66.38,5.41,77.34,55.82,68.01,182.26,35,9,3,FALSE,5,318,FALSE,0
MC_113793,CNC_Lathe,2016,96187,69.57,13.48,69.05,80.59,51.62,189.45,269,4,2,FALSE,4,0,TRUE,0
MC_113884,CNC_Lathe,2017,61100,65.6,17.27,75.33,23.59,64.34,1.95,308,2,1,TRUE,4,293,FALSE,0
MC_115481,CNC_Lathe,2017,15987,38.84,10.57,70.68,51.56,49.15,117.89,77,2,2,FALSE,3,786,FALSE,0
MC_117966,CNC_Lathe,2016,50415,81.39,9.75,58.42,33.78,86.49,219,251,7,4,FALSE,2,443,FALSE,0
MC_119162,CNC_Lathe,2017,24924,62.43,9.16,96.12,34.06,53.23,137.83,112,2,3,FALSE,0,715,FALSE,0
MC_121504,CNC_Lathe,2016,66,45.58,9.33,75.73,71.11,80.42,167.83,164,6,1,TRUE,1,971,FALSE,0
MC_123675,CNC_Lathe,2016,29143,63.92,6.39,71.35,44.28,39.25,180.41,324,3,2,TRUE,2,697,FALSE,2
MC_123953,CNC_Lathe,2017,44918,65.25,15.25,69.01,26.94,57.59,72.27,188,5,1,FALSE,3,506,FALSE,0
MC_124359,CNC_Lathe,2017,58901,70.4,27.36,94.98,48.84,97.2,211.89,102,4,2,FALSE,5,342,FALSE,0
MC_126372,CNC_Lathe,2016,41148,70.12,15.8,77.5,61.41,95.56,176.55,269,7,1,FALSE,5,558,FALSE,0
MC_127264,CNC_Lathe,2016,93010,39.21,19.95,62.27,70.11,80.89,129.29,200,6,5,TRUE,4,0,TRUE,2
MC_127789,CNC_Lathe,2017,78987,48.23,14.35,67.4,52.39,96.66,28.77,38,4,1,FALSE,4,131,FALSE,0
MC_130139,CNC_Lathe,2016,92384,49.91,14.33,61.54,55.82,88.38,228.29,140,4,1,FALSE,3,79,FALSE,0
MC_132338,CNC_Lathe,2016,96399,39.88,8.55,86.22,80.85,100,58,203,9,1,FALSE,3,0,TRUE,0
MC_133012,CNC_Lathe,2016,35686,73.53,7.24,83.88,79.03,100,69.36,91,3,4,TRUE,4,605,FALSE,1
MC_133593,CNC_Lathe,2017,39453,62.77,9.66,84.46,89.27,35.98,215.94,54,4,6,FALSE,1,614,FALSE,0
MC_133740,CNC_Lathe,2016,87634,80.44,9.74,69.63,71.74,67.43,218.72,18,3,5,FALSE,4,91,FALSE,0
MC_133781,CNC_Lathe,2016,52717,56.69,7.38,75.03,69.09,52.06,156.12,122,6,3,FALSE,3,370,FALSE,0
MC_133814,CNC_Lathe,2016,36985,98.16,17.16,62,73.94,89.43,0.99,210,2,6,TRUE,1,530,FALSE,0
MC_134051,CNC_Lathe,2017,78281,49.69,3.8,83.11,60.04,73.85,115.04,203,5,2,FALSE,0,224,FALSE,0
MC_134077,CNC_Lathe,2016,40660,105.53,11.83,84.03,48.21,68.66,167.32,1,1,1,FALSE,1,414,FALSE,0
MC_134405,CNC_Lathe,2017,12664,49.13,14.42,68.98,72.77,100,46.85,35,6,1,TRUE,2,840,FALSE,1
MC_135802,CNC_Lathe,2016,50613,50.3,7.78,73.36,76.45,80.29,168.06,356,4,1,FALSE,5,520,FALSE,0
MC_136095,CNC_Lathe,2017,21895,63.08,14.98,82.53,30.23,68.02,172.75,100,2,2,TRUE,2,796,FALSE,2
MC_137212,CNC_Lathe,2017,61626,37.63,12.86,71.39,68.3,62.8,273.17,276,10,1,FALSE,5,364,FALSE,0
MC_137906,CNC_Lathe,2016,2738,50.98,6.42,82.46,58.96,36.85,213.62,190,2,1,FALSE,5,838,FALSE,0
MC_138595,CNC_Lathe,2016,41285,75.84,4.62,65.12,78.17,48.05,185.08,300,3,3,FALSE,3,543,FALSE,0
MC_141076,CNC_Lathe,2016,8433,64.49,6.55,79.38,78.78,47.29,106.14,345,3,4,FALSE,2,906,FALSE,0
MC_142398,CNC_Lathe,2016,10890,57.91,10.73,76.95,100,37.89,118.18,361,5,1,FALSE,3,942,FALSE,0
MC_142914,CNC_Lathe,2017,50414,76.84,18.74,87.15,96.89,67.61,175.94,279,4,1,TRUE,2,394,FALSE,4
MC_143639,CNC_Lathe,2017,23470,45.56,7.42,81.23,100,75.67,-13.22,255,3,5,TRUE,4,821,FALSE,2
MC_144736,CNC_Lathe,2016,51097,46.33,12.99,88.86,37.03,12.23,186.97,339,1,3,FALSE,3,502,FALSE,0
MC_144815,CNC_Lathe,2017,75767,87.96,01.02,93.42,63.36,71.96,67.84,290,5,3,TRUE,2,173,FALSE,0
MC_146557,CNC_Lathe,2016,80374,72.77,17.49,64.24,66.42,56.86,-8.38,318,2,1,FALSE,6,171,FALSE,0
MC_147485,CNC_Lathe,2016,6931,58.77,8.74,67.73,75.1,94.99,151.59,329,2,2,FALSE,3,738,FALSE,0
MC_148032,CNC_Lathe,2017,66657,62.54,8.46,83.95,80.43,63.03,232.34,358,3,2,TRUE,2,323,FALSE,2
MC_148846,CNC_Lathe,2016,42457,52.71,4.62,87.68,100,67.48,241.74,208,2,1,FALSE,6,562,FALSE,0
MC_153963,CNC_Lathe,2017,3362,68.24,13.79,86.73,47.15,59.68,213.47,148,6,3,FALSE,0,930,FALSE,0
MC_154118,CNC_Lathe,2017,90068,69.58,14.68,76.09,70.81,73.42,61.96,188,9,3,FALSE,3,0,TRUE,0
MC_154455,CNC_Lathe,2017,12069,58.82,11.96,59.04,63.6,51.77,99.76,206,7,1,FALSE,4,856,FALSE,0
MC_156040,CNC_Lathe,2017,2032,64.13,7.27,54.4,100,66.18,148.61,49,11,2,FALSE,2,843,FALSE,0
MC_157248,CNC_Lathe,2017,19264,63.92,6.2,72.63,38.41,56.4,248.64,203,7,2,FALSE,2,718,FALSE,0
MC_158683,CNC_Lathe,2017,35293,71.29,11.01,71.55,62.69,27.88,217.96,186,7,1,FALSE,7,615,FALSE,0
MC_159236,CNC_Lathe,2016,20311,65.83,14.68,82.83,51.84,77.21,-2.41,225,6,2,FALSE,3,766,FALSE,0
MC_160508,CNC_Lathe,2016,26271,80.2,7.91,56.89,70.5,19.89,153.5,340,6,3,FALSE,9,737,FALSE,0
MC_160824,CNC_Lathe,2017,5793,78.2,8.21,76.43,63.58,61.07,39.66,295,3,3,TRUE,5,819,FALSE,1
MC_161304,CNC_Lathe,2017,86682,33.93,4.61,67.2,91.78,43.8,84.39,277,8,4,FALSE,4,123,FALSE,0
MC_161552,CNC_Lathe,2017,69869,28.99,4.38,73.48,64.72,58.51,103.91,216,2,3,FALSE,4,188,FALSE,0
MC_161674,CNC_Lathe,2017,94010,74.91,15.41,78.59,68.89,48.25,179.87,123,2,4,FALSE,3,39,FALSE,0
MC_161923,CNC_Lathe,2016,78365,29.21,23.02,79.46,94.73,39.35,80.91,247,2,3,FALSE,1,152,FALSE,0
MC_162701,CNC_Lathe,2017,17594,53.46,11.24,78.68,72.59,62.15,94,283,4,2,FALSE,3,806,FALSE,0
MC_163356,CNC_Lathe,2017,41159,56.28,13.42,84.76,60.32,37.51,144.3,283,7,3,FALSE,5,590,FALSE,0
MC_164288,CNC_Lathe,2016,38812,37.26,9.7,75.36,93.57,89.86,279.75,68,4,4,FALSE,2,559,FALSE,0
MC_164790,CNC_Lathe,2017,76458,41.94,8.51,84.63,100,100,76.93,257,6,1,FALSE,2,247,FALSE,0
MC_166676,CNC_Lathe,2016,17625,52.36,4.43,69.16,28.13,60.77,177.39,34,3,2,FALSE,2,707,FALSE,0
MC_168060,CNC_Lathe,2017,39453,68.73,14.28,62.08,54.31,18.57,157.31,312,5,1,FALSE,4,520,FALSE,0
MC_170375,CNC_Lathe,2016,70571,64.53,3.86,71.41,90.65,91.19,85.35,184,6,3,TRUE,2,261,FALSE,0
MC_170542,CNC_Lathe,2016,70638,57.12,-0.7,78.48,97.18,100,20.24,30,6,2,FALSE,5,302,FALSE,0
MC_170582,CNC_Lathe,2017,12459,54.86,9.89,79.16,91.07,9.79,157.13,231,7,4,FALSE,1,881,FALSE,0
MC_172113,CNC_Lathe,2017,92145,47.54,11.17,76.82,63.59,48.56,72.92,111,7,2,TRUE,2,32,FALSE,4
MC_172278,CNC_Lathe,2016,70318,75.96,8.23,55.32,55.59,73.15,-21.2,341,4,2,FALSE,1,288,FALSE,0
MC_172445,CNC_Lathe,2017,98096,46.36,13.75,71.89,49.55,100,132.33,269,6,2,FALSE,2,0,TRUE,0
MC_174942,CNC_Lathe,2016,14572,48.15,10.97,81.07,45.71,69.19,21,229,6,2,FALSE,3,856,FALSE,0
MC_175363,CNC_Lathe,2016,31732,48.17,8.42,88.18,44.71,67.16,211.4,126,3,2,FALSE,3,597,FALSE,0
MC_175507,CNC_Lathe,2017,46420,60.84,10.89,76.73,82.13,19.38,202.46,260,6,2,FALSE,3,564,FALSE,0
MC_175796,CNC_Lathe,2017,65599,27.09,14.83,69.74,63.14,62.61,338.08,103,3,4,FALSE,5,304,FALSE,0
MC_175823,CNC_Lathe,2017,20919,53.51,12.62,73.67,81.89,78.52,177.99,344,5,2,FALSE,4,810,FALSE,0
MC_177201,CNC_Lathe,2017,23380,75.99,04.08,74.65,74.39,32.3,97.99,72,2,4,FALSE,6,771,FALSE,0
MC_177255,CNC_Lathe,2017,71771,44.92,2.18,72.98,87.86,57.36,235.05,209,5,2,FALSE,5,236,FALSE,0
MC_179898,CNC_Lathe,2017,97086,76.38,10.22,80.41,72.54,69.25,140.61,143,6,2,TRUE,5,51,FALSE,4
MC_179957,CNC_Lathe,2017,73240,67.97,10.52,83.81,63.19,41.7,218.39,150,2,3,FALSE,2,259,FALSE,0
MC_180011,CNC_Lathe,2016,79385,28.39,16.07,84.33,78.12,69.42,55.33,250,4,2,FALSE,3,77,FALSE,0
MC_180365,CNC_Lathe,2016,80517,49.37,11.16,74.85,48.94,58.96,100.62,268,5,4,FALSE,1,124,FALSE,0
MC_180699,CNC_Lathe,2016,74553,60.92,15.5,90.38,69.36,54.65,57.78,148,11,4,FALSE,1,149,FALSE,0
MC_180936,CNC_Lathe,2017,75974,56.08,10.56,87.8,76.6,83.58,207.39,306,6,4,FALSE,4,159,FALSE,0
MC_181373,CNC_Lathe,2016,90259,60.61,12.4,84.47,55.13,49.63,178.86,94,9,2,FALSE,1,103,FALSE,0
MC_185039,CNC_Lathe,2017,19154,32.78,16.42,92.14,85.54,87.25,158.62,47,1,3,TRUE,1,752,FALSE,3
MC_185364,CNC_Lathe,2016,12329,51.5,8.86,68.49,79.77,96.82,183.59,178,6,3,TRUE,2,857,FALSE,4
MC_185915,CNC_Lathe,2017,96721,61.98,6.89,70.71,43.68,90.23,48.96,341,4,3,FALSE,5,0,TRUE,0
MC_186924,CNC_Lathe,2017,95289,76.59,13.07,81.62,90.27,89.79,163.03,12,8,1,TRUE,6,0,TRUE,1
MC_186967,CNC_Lathe,2017,51873,62.78,13.99,76.79,59.05,64.83,194.93,106,10,3,FALSE,2,458,FALSE,0
MC_187590,CNC_Lathe,2016,87403,49.83,2.25,79.27,78.6,43.39,150.78,101,3,2,FALSE,4,123,FALSE,0
MC_189004,CNC_Lathe,2017,57879,79.75,06.01,75.07,65.32,26.35,102.77,182,2,4,FALSE,5,404,FALSE,0
MC_189373,CNC_Lathe,2017,87465,70.59,6.56,78.13,60.45,69.62,30.92,37,8,2,FALSE,2,102,FALSE,0
MC_191650,CNC_Lathe,2017,50258,65.14,9.86,63.86,48.81,63.72,179.95,39,2,1,FALSE,3,493,FALSE,0
MC_192049,CNC_Lathe,2016,86660,67.02,4.31,87.89,97.46,68.86,211.39,147,5,2,FALSE,2,58,FALSE,0
MC_192265,CNC_Lathe,2016,50881,60.95,6.21,93.84,51,35.74,118.9,92,4,1,FALSE,4,480,FALSE,0
MC_192483,CNC_Lathe,2017,91517,42.04,3.98,83.37,98.88,46.13,284.76,285,5,2,FALSE,6,67,FALSE,0
MC_192757,CNC_Lathe,2016,30857,41.93,14.04,60.14,75.73,67.23,6.93,156,4,4,FALSE,2,604,FALSE,0
MC_194002,CNC_Lathe,2017,23603,46.55,14.45,67.57,83.81,79.71,76.12,114,2,4,FALSE,3,739,FALSE,0
MC_197235,CNC_Lathe,2016,78449,75.53,7.28,76.09,89.03,45.23,176.35,269,1,3,FALSE,1,142,FALSE,0
MC_197557,CNC_Lathe,2017,27471,79.19,-2.65,69.09,69.23,71.84,189.04,259,2,1,FALSE,2,615,FALSE,0
MC_199930,CNC_Lathe,2016,46751,62.36,16.28,77.82,42.09,68.6,227.15,167,3,4,FALSE,3,509,FALSE,0
MC_201382,CNC_Lathe,2016,51846,54.33,4.27,77.34,88.12,50.97,230.5,349,4,1,FALSE,2,479,FALSE,0
MC_202627,CNC_Lathe,2017,89498,89.86,8.72,78.94,47.24,19.99,112.96,17,7,2,FALSE,3,0,TRUE,0
MC_202881,CNC_Lathe,2017,53035,89.9,-0.18,70.53,67.3,22.37,126.34,159,5,1,TRUE,3,477,FALSE,2
MC_203359,CNC_Lathe,2016,9357,56.41,9.61,74.38,35.28,100,83.92,352,2,2,TRUE,4,799,FALSE,2
MC_203837,CNC_Lathe,2016,46645,82.97,9.58,59.31,81.16,100,80.18,311,5,3,FALSE,1,427,FALSE,0
MC_204540,CNC_Lathe,2016,13450,61.48,12.81,84.72,63.75,70.39,191.15,226,5,4,TRUE,2,799,FALSE,2
MC_207055,CNC_Lathe,2017,79500,67.3,15.17,68.5,83.5,52,197.02,78,2,1,TRUE,2,144,FALSE,2
MC_207118,CNC_Lathe,2016,95011,35.05,6.8,63.31,46.08,58.02,91.36,359,6,1,TRUE,3,47,FALSE,3
MC_207623,CNC_Lathe,2017,67236,64.94,16.6,84.62,43.25,67.95,233.22,128,9,1,TRUE,2,212,FALSE,2
MC_207910,CNC_Lathe,2017,93000,80.52,13.45,82.6,45.22,45.57,119.36,81,4,2,TRUE,3,0,TRUE,2
MC_210077,CNC_Lathe,2016,89086,73.78,9.2,84.92,92.21,26.61,122.43,311,2,2,FALSE,3,62,FALSE,0
MC_210484,CNC_Lathe,2017,13581,43.26,1.54,72.95,68.01,90.4,18.43,244,5,1,FALSE,4,885,FALSE,0
MC_210510,CNC_Lathe,2016,94956,63.49,6.63,91.87,87.96,43.01,124.62,78,6,5,FALSE,1,50,FALSE,0
MC_210655,CNC_Lathe,2016,15694,82.18,22.25,65.34,38.22,53.66,125.66,235,3,3,TRUE,4,746,FALSE,1
MC_210950,CNC_Lathe,2017,30224,66.44,7.61,82.05,70.83,70.56,105.36,86,6,2,FALSE,1,659,FALSE,0
MC_210998,CNC_Lathe,2016,43344,50.73,8.61,86.46,83.76,79.45,115.39,177,5,3,FALSE,4,587,FALSE,0
MC_214805,CNC_Lathe,2017,71766,36.85,8.79,84.29,76.02,65.44,164.44,70,6,6,FALSE,1,172,FALSE,0
MC_215015,CNC_Lathe,2017,36965,73.11,20.24,64.76,74.85,97.5,178.3,205,6,2,FALSE,3,604,FALSE,0
MC_215616,CNC_Lathe,2017,52790,62.93,10.74,80.38,82.41,85.91,234.28,89,3,2,FALSE,1,417,FALSE,0
MC_216259,CNC_Lathe,2016,6491,59.39,10.94,62.35,83.23,100,181.25,301,9,5,FALSE,2,896,FALSE,0
MC_216508,CNC_Lathe,2016,75732,49.98,18.45,78.74,86.94,22.69,137.3,336,9,1,TRUE,2,182,FALSE,3
MC_217050,CNC_Lathe,2016,39449,66.54,7.95,73.4,58.62,100,237.08,326,6,1,FALSE,5,525,FALSE,0
MC_218714,CNC_Lathe,2016,18956,33.04,11.58,103.6,78.78,100,265.37,18,6,1,FALSE,3,825,FALSE,0
MC_219503,CNC_Lathe,2017,48716,25.27,11.46,75.91,85.74,59.34,-8.49,269,2,3,TRUE,2,452,FALSE,4
MC_219869,CNC_Lathe,2017,58444,55.78,2.5,72.36,79.07,40.63,93.89,204,11,2,FALSE,5,414,FALSE,0
MC_225742,CNC_Lathe,2016,72467,70,14,77.24,77.3,46.21,150.42,280,3,2,FALSE,2,269,FALSE,0
MC_229760,CNC_Lathe,2017,4549,61.52,12.57,60.14,47.99,72.95,137.94,77,3,1,FALSE,1,889,FALSE,0
MC_230033,CNC_Lathe,2017,54241,64.55,-0.03,69.2,78.75,69.28,113.37,39,2,4,FALSE,1,528,FALSE,0
MC_230116,CNC_Lathe,2017,71203,59.02,5.25,72.84,40.74,45.85,221.21,336,7,3,FALSE,2,207,FALSE,0
MC_230225,CNC_Lathe,2017,78791,28.2,12.06,98.75,69.96,63.68,210.1,166,4,2,FALSE,4,128,FALSE,0
MC_230922,CNC_Lathe,2017,56322,80.46,10.55,78.74,62.76,55.52,102.74,44,6,2,FALSE,2,331,FALSE,0
MC_231287,CNC_Lathe,2017,28267,51.42,12.35,66.63,66.26,94.09,85.93,179,3,2,FALSE,5,619,FALSE,0
MC_235210,CNC_Lathe,2016,94024,63.27,7.73,72.25,81.34,95.44,169.13,298,4,1,TRUE,4,11,FALSE,0
MC_235888,CNC_Lathe,2017,3746,45.8,24.16,61.49,77.14,58.07,211.68,120,7,1,FALSE,1,904,FALSE,0
MC_236437,CNC_Lathe,2016,23328,47.62,6.86,74.68,79.13,68.17,127.08,347,5,1,FALSE,1,780,FALSE,0
MC_238514,CNC_Lathe,2017,98286,69.98,6.44,81.44,72.83,73.33,135.53,37,3,2,FALSE,3,29,FALSE,0
MC_239067,CNC_Lathe,2016,4514,64.44,16.15,70.66,45.55,34.03,159.6,187,2,2,TRUE,5,960,FALSE,4
MC_240682,CNC_Lathe,2017,91744,64.89,-1.07,57.44,100,23.08,196.1,286,4,2,FALSE,1,91,FALSE,0
MC_241009,CNC_Lathe,2016,97341,71.29,13.92,80.33,54.56,67.1,121.65,117,9,2,FALSE,2,0,TRUE,0
MC_241107,CNC_Lathe,2017,75420,67.84,8.87,75.36,75.59,98.43,135.55,1,8,3,TRUE,4,184,FALSE,4
MC_241428,CNC_Lathe,2017,40031,41.38,13.98,72.49,69.41,80.88,290.49,301,5,2,FALSE,2,496,FALSE,0
MC_241669,CNC_Lathe,2016,53291,75.44,3.37,97.22,87.15,84.92,202.6,187,5,4,FALSE,5,497,FALSE,0
MC_242648,CNC_Lathe,2017,45117,76.38,9.38,58.02,51.51,100,261.81,251,6,1,FALSE,4,437,FALSE,0
MC_244295,CNC_Lathe,2017,83086,63.82,13.63,82.64,92.26,86.25,143.21,234,6,1,FALSE,2,140,FALSE,0
MC_244619,CNC_Lathe,2017,90847,71.49,14.7,64.82,71.3,91.64,-0.32,102,7,2,FALSE,1,32,FALSE,0
MC_244894,CNC_Lathe,2017,78627,73.44,10.04,76.18,80.77,68.21,119.84,287,9,2,TRUE,3,155,FALSE,3
MC_246175,CNC_Lathe,2017,60864,70.01,11.17,65.38,100,81.31,106.57,208,7,3,FALSE,3,405,FALSE,0
MC_246295,CNC_Lathe,2017,74556,66.59,15.89,78.66,59.79,23.59,111.87,150,7,1,TRUE,4,166,FALSE,2
MC_246608,CNC_Lathe,2016,27321,37.1,7.84,75.4,91.46,40.39,148.99,296,4,1,FALSE,4,638,FALSE,0
MC_247762,CNC_Lathe,2017,57650,69.36,11.34,76.8,71.52,51.85,56.59,13,8,1,TRUE,0,401,FALSE,0
MC_248017,CNC_Lathe,2016,46703,60.67,11.52,81.08,72.5,67.61,135.47,119,4,6,FALSE,2,503,FALSE,0
MC_249995,CNC_Lathe,2016,12373,67.88,11.83,85.51,51.03,49.2,362.5,65,5,2,FALSE,4,841,FALSE,0
MC_250018,CNC_Lathe,2017,58208,75.9,16.98,70.69,67.06,92.54,70.67,338,5,3,FALSE,6,313,FALSE,0
MC_250822,CNC_Lathe,2017,87888,50.54,3.6,60.3,100,22.82,-3.14,198,3,3,FALSE,7,16,FALSE,0
MC_253168,CNC_Lathe,2016,40169,42.62,10.98,78.18,49.19,27.58,146.7,195,2,4,FALSE,5,555,FALSE,0
MC_253829,CNC_Lathe,2017,76694,85.47,4.18,69.56,74.4,45.48,109.47,359,2,5,FALSE,5,213,FALSE,0
MC_254657,CNC_Lathe,2017,32830,79.1,18.09,97.47,52.12,26.18,183.42,299,6,2,TRUE,6,536,FALSE,3
MC_255319,CNC_Lathe,2017,69559,49.62,17.25,86.51,38.7,79.61,213.63,203,4,4,FALSE,1,275,FALSE,0
MC_255367,CNC_Lathe,2016,92164,89.93,13.21,81.01,85.71,73.84,217.53,211,3,3,FALSE,3,73,FALSE,0
MC_255772,CNC_Lathe,2017,72172,60.8,13.48,73.4,70.46,45.61,95.02,149,5,1,TRUE,3,189,FALSE,5
MC_255847,CNC_Lathe,2016,22302,46.24,17.58,72.56,100,71.47,128.3,218,9,4,FALSE,3,716,FALSE,0
MC_256153,CNC_Lathe,2017,297,37.56,6.86,83.44,70.21,27.57,105.1,269,3,2,TRUE,3,985,FALSE,3
MC_256665,CNC_Lathe,2016,65877,50.78,6.54,62.66,72,84.44,64.62,136,4,1,TRUE,5,325,FALSE,4
MC_257153,CNC_Lathe,2017,45259,47.9,09.06,89.79,87.78,74.65,91.97,135,10,2,FALSE,6,429,FALSE,0
MC_257570,CNC_Lathe,2017,20309,53.79,11.48,51.89,100,68.62,163.53,106,3,1,FALSE,0,761,FALSE,0
MC_257576,CNC_Lathe,2017,36344,77.92,13.41,76.75,58.75,94.86,196.39,302,7,4,TRUE,0,567,FALSE,2
MC_259703,CNC_Lathe,2016,51156,80.15,14.66,83.4,27.62,38.85,64.94,121,9,3,FALSE,4,383,FALSE,0
MC_260612,CNC_Lathe,2016,43118,54.03,11.05,87.78,92.84,60.86,-26.68,246,3,1,TRUE,6,463,FALSE,1
MC_260745,CNC_Lathe,2016,12587,52.44,8.72,72.98,38.17,52.72,255.51,267,10,1,FALSE,1,837,FALSE,0
MC_261008,CNC_Lathe,2016,16253,69.43,6.72,74.5,90.21,24.94,106.08,43,3,1,FALSE,1,764,FALSE,0
MC_262725,CNC_Lathe,2017,98366,48.57,11.46,64.69,53.52,86.59,184.34,224,4,3,FALSE,1,0,TRUE,0
MC_263010,CNC_Lathe,2017,57355,50.39,7.48,85.34,55.4,24.3,238.71,152,4,1,TRUE,7,417,FALSE,2
MC_263492,CNC_Lathe,2016,88580,57.11,15.98,79.01,66.21,34.32,57.6,245,4,1,FALSE,2,49,FALSE,0
MC_263749,CNC_Lathe,2016,13898,53.72,9.16,60.89,33.3,86.78,213.44,225,4,4,TRUE,4,718,FALSE,3
MC_263818,CNC_Lathe,2017,56170,34.15,12.27,68.2,62.25,36.64,112.5,219,6,2,FALSE,3,469,FALSE,0
MC_264086,CNC_Lathe,2017,26294,88.89,10.2,68.17,60.16,29.9,103.53,204,9,1,FALSE,5,589,FALSE,0
MC_265001,CNC_Lathe,2016,40587,74.97,08.01,68.52,96.51,82.63,72.73,183,5,3,FALSE,2,536,FALSE,0
MC_265353,CNC_Lathe,2017,84014,70.72,14.68,79.64,63.41,58.92,283.73,317,3,2,FALSE,4,49,FALSE,0
MC_267497,CNC_Lathe,2016,2427,48.38,12.83,80.97,60.53,100,124.93,226,5,2,TRUE,3,897,FALSE,4
MC_268384,CNC_Lathe,2017,50043,62.35,18.62,78.68,66.34,98.04,0.61,219,7,7,TRUE,9,481,FALSE,1
MC_269490,CNC_Lathe,2016,72775,38.47,11.8,59.91,51.96,59.48,245.38,117,3,1,FALSE,2,249,FALSE,0
MC_269559,CNC_Lathe,2016,3039,65.85,0.18,66.48,72.15,51.16,109.12,184,7,3,TRUE,2,939,FALSE,1
MC_270288,CNC_Lathe,2016,14943,69.26,7.15,86.59,61.6,63.88,145.21,276,7,1,FALSE,2,754,FALSE,0
MC_273248,CNC_Lathe,2017,91103,78.8,15.76,57.3,67.4,61.7,268.69,40,3,3,FALSE,3,0,TRUE,0
MC_273535,CNC_Lathe,2016,46012,50.45,11.48,81.69,100,73.61,163.93,167,3,2,FALSE,7,497,FALSE,0
MC_273822,CNC_Lathe,2017,30794,66.41,12.78,74.46,65.47,87.9,24.41,89,7,2,TRUE,1,721,FALSE,2
MC_275951,CNC_Lathe,2016,83297,74.76,6.33,68.77,51.01,97.61,208.7,29,2,3,TRUE,2,164,FALSE,0
MC_276425,CNC_Lathe,2017,39572,36.46,6.51,80.95,38.54,73.22,253.97,279,3,3,FALSE,1,505,FALSE,0
MC_277525,CNC_Lathe,2017,81571,60.06,5.1,81.87,76.42,77.78,198.33,233,7,3,FALSE,2,162,FALSE,0
MC_277555,CNC_Lathe,2017,99622,87.7,10.13,69.53,83.9,34.24,105.68,101,2,2,TRUE,4,0,TRUE,1
MC_278352,CNC_Lathe,2017,45096,66.98,11.37,73.9,86.55,59.1,-39.42,299,6,4,FALSE,2,424,FALSE,0
MC_279698,CNC_Lathe,2016,61886,73.71,8.51,70.8,23.2,78.01,171.64,358,3,1,FALSE,3,417,FALSE,0
MC_279839,CNC_Lathe,2017,64750,79,8.2,77.14,60.96,100,217.52,110,6,1,FALSE,1,250,FALSE,0
MC_280270,CNC_Lathe,2016,27609,76.17,10.36,76.51,77.44,58.73,126.57,324,5,3,FALSE,5,658,FALSE,0
MC_281389,CNC_Lathe,2016,9679,57.51,0.38,77.46,53.68,100,186.57,314,7,3,FALSE,4,877,FALSE,0
MC_281460,CNC_Lathe,2016,59006,33.49,12.83,79.2,53.88,100,5.32,286,3,2,FALSE,4,293,FALSE,0
MC_282019,CNC_Lathe,2017,66654,49.76,12.44,72.77,72.11,46.88,137.8,165,3,2,FALSE,5,387,FALSE,0
MC_282256,CNC_Lathe,2017,72080,55.19,9.74,93.11,49.84,35.03,136.63,319,2,1,FALSE,4,229,FALSE,0
MC_284311,CNC_Lathe,2016,63879,58.75,5.24,86.33,72.44,58.55,81.11,197,3,1,FALSE,3,303,FALSE,0
MC_284573,CNC_Lathe,2016,69608,60.03,9.96,64.85,64.39,23.32,-30.49,60,5,2,FALSE,5,279,FALSE,0
MC_284704,CNC_Lathe,2016,69536,63.07,10.86,80.91,43,33.01,35.67,238,3,2,FALSE,5,228,FALSE,0
MC_284908,CNC_Lathe,2016,9573,64.23,10.93,63.38,66.01,20.11,93.11,237,9,1,TRUE,2,802,FALSE,1
MC_286010,CNC_Lathe,2017,42775,52.72,20.19,67.4,63.66,49.76,39.71,323,3,1,TRUE,4,437,FALSE,1
MC_286214,CNC_Lathe,2016,6392,71.87,12.77,83.39,61.91,88.31,74.93,212,7,1,FALSE,2,860,FALSE,0
MC_286550,CNC_Lathe,2017,15856,70.84,6.2,65.46,90.63,18.51,140.39,256,6,2,TRUE,4,796,FALSE,2
MC_286804,CNC_Lathe,2017,36723,84.82,10.31,68.34,85.98,7.68,98.02,145,9,4,TRUE,1,512,FALSE,2
MC_288634,CNC_Lathe,2017,79500,53.22,5.67,63.37,69.42,37.38,222.38,192,6,2,FALSE,2,226,FALSE,0
MC_289815,CNC_Lathe,2017,18301,46.57,9.96,86.96,65.44,60.13,187.04,162,3,1,FALSE,4,867,FALSE,0
MC_291007,CNC_Lathe,2017,30755,63.67,10.49,68.94,56.31,33.31,137.9,146,3,3,FALSE,2,634,FALSE,0
MC_291330,CNC_Lathe,2017,81021,90.59,13.61,92.04,100,100,58.02,208,4,1,TRUE,1,116,FALSE,1
MC_292932,CNC_Lathe,2017,69273,65.37,8.44,64.85,73.62,54.05,103.98,68,5,3,FALSE,3,180,FALSE,0
MC_293155,CNC_Lathe,2017,83837,58.93,5.15,75.46,55.35,76.56,62.14,8,5,3,FALSE,4,109,FALSE,0
MC_293799,CNC_Lathe,2016,5143,42.05,11.03,59.31,54.57,55.58,108.9,2,4,2,FALSE,3,934,FALSE,0
MC_294047,CNC_Lathe,2016,74644,40.19,15.37,67.29,39.26,68.46,101.51,49,2,2,FALSE,1,189,FALSE,0
MC_294203,CNC_Lathe,2017,87624,55.82,16.49,90.54,90.05,79.91,53.55,291,6,4,FALSE,4,44,FALSE,0
MC_295398,CNC_Lathe,2016,53301,45.34,-0.97,90.43,66.48,75.19,110.27,68,6,2,FALSE,2,421,FALSE,0
MC_295490,CNC_Lathe,2017,16199,40.6,6.76,81.04,69.18,76.54,142.83,17,3,1,TRUE,3,748,FALSE,1
MC_296063,CNC_Lathe,2016,1250,67.2,13.07,73.77,62.29,51.4,173.8,199,1,1,FALSE,5,995,FALSE,0
MC_296270,CNC_Lathe,2016,12049,45.99,13.23,63.7,90.59,71,316.94,65,4,2,FALSE,6,864,FALSE,0
MC_297062,CNC_Lathe,2017,92305,63.68,-1.78,75.48,41.73,89.14,29.53,198,8,4,FALSE,3,89,FALSE,0
MC_297784,CNC_Lathe,2016,73840,80.24,0.73,62.81,85.68,60.8,367.37,193,11,3,FALSE,3,228,FALSE,0
MC_298032,CNC_Lathe,2017,99447,68.34,7.19,79,99.9,100,250.39,133,9,2,FALSE,3,0,TRUE,0
MC_298440,CNC_Lathe,2017,5640,67.05,20.52,69.34,58.93,67.96,44.85,153,8,2,TRUE,0,880,FALSE,3
MC_300621,CNC_Lathe,2016,6762,60.81,4.98,69.83,86.72,55.7,77.69,306,6,2,TRUE,3,895,FALSE,1
MC_301221,CNC_Lathe,2017,78230,81.83,14.46,69.26,49.53,25.62,298.47,118,7,1,FALSE,5,201,FALSE,0
MC_301234,CNC_Lathe,2016,38533,60.94,9.5,70.36,87.64,64.03,19.3,54,5,3,FALSE,2,587,FALSE,0
MC_301680,CNC_Lathe,2016,24541,39.47,5.79,69.59,86.23,97.46,75.02,340,9,4,FALSE,1,749,FALSE,0
MC_302214,CNC_Lathe,2016,45206,54.41,12.34,68.67,86.73,56.15,209.1,5,5,1,FALSE,3,549,FALSE,0
MC_302418,CNC_Lathe,2017,91619,50.27,11.55,78.5,87.45,83.39,136.92,90,5,2,TRUE,4,86,FALSE,3
MC_302636,CNC_Lathe,2016,13457,73.42,11.12,81.65,58.7,34.31,64.68,92,4,6,TRUE,3,762,FALSE,3
MC_303428,CNC_Lathe,2016,58450,42.78,3.77,66.31,62.55,96.05,96.99,11,2,2,FALSE,2,371,FALSE,0
MC_306256,CNC_Lathe,2017,2922,55.48,13.43,78.64,56.65,44.51,247.77,302,7,5,FALSE,2,932,FALSE,0
MC_306584,CNC_Lathe,2017,17362,53.78,9.19,77.08,85.74,12.53,30.83,98,4,1,FALSE,4,726,FALSE,0
MC_307043,CNC_Lathe,2017,39549,74.97,10.61,71.98,90.02,87.29,151.18,4,6,2,FALSE,2,550,FALSE,0
MC_307309,CNC_Lathe,2016,58795,30.11,3.19,85.78,54.11,37.18,131.89,314,4,2,FALSE,3,327,FALSE,0
MC_307852,CNC_Lathe,2017,33564,64.18,9.37,75.98,78.9,99.83,81.25,246,6,1,TRUE,1,567,FALSE,4
MC_308282,CNC_Lathe,2017,36024,62.55,7.88,69.14,73.16,66.2,10.88,132,2,6,FALSE,5,651,FALSE,0
MC_309371,CNC_Lathe,2016,17795,44.74,11.95,60.08,78.84,39.62,242.65,267,4,3,TRUE,2,825,FALSE,1
MC_310265,CNC_Lathe,2017,24618,57.29,14.69,75,77.43,47.74,256.82,300,1,1,FALSE,3,606,FALSE,0
MC_310755,CNC_Lathe,2016,83306,42.47,14.88,68.29,87.76,78.63,15.7,354,3,2,FALSE,3,177,FALSE,0
MC_311366,CNC_Lathe,2017,73879,63.5,9.2,93.74,51.6,86.82,-4.56,221,5,3,FALSE,3,152,FALSE,0
MC_311914,CNC_Lathe,2016,19289,76.06,4.69,62.97,59.41,72.25,167.31,359,6,3,TRUE,3,695,FALSE,3
MC_313359,CNC_Lathe,2016,19307,89.58,21.67,88.58,58.86,8.69,-5.21,221,4,3,FALSE,1,710,FALSE,0
MC_314051,CNC_Lathe,2016,56171,52.93,7.92,87.36,100,39.6,262.42,302,2,2,FALSE,4,368,FALSE,0
MC_314780,CNC_Lathe,2017,46355,67.93,6.36,92.24,86.43,61.61,207.38,326,8,3,FALSE,3,484,FALSE,0
MC_315735,CNC_Lathe,2016,37199,60.24,4.18,83.91,67.68,53.21,253.18,288,8,2,FALSE,6,560,FALSE,0
MC_316462,CNC_Lathe,2016,72417,57.97,6.47,89.47,100,91.03,330.16,220,10,1,FALSE,0,171,FALSE,0
MC_316582,CNC_Lathe,2016,37532,77.15,14.72,85.44,71.87,66.89,164.01,321,4,1,TRUE,2,572,FALSE,2
MC_317362,CNC_Lathe,2016,8983,54.96,-3.44,72.57,81.63,95.74,181.07,314,6,3,FALSE,2,888,FALSE,0
MC_317368,CNC_Lathe,2017,35368,52.74,9.68,67.71,44.18,65.11,248.23,60,2,3,FALSE,2,618,FALSE,0
MC_318175,CNC_Lathe,2016,28875,49.18,19.13,83.24,63.15,64.68,104.2,324,4,2,FALSE,0,596,FALSE,0
MC_319952,CNC_Lathe,2017,99509,82.11,17.97,82.65,73.3,71.75,129.75,233,5,4,FALSE,4,0,TRUE,0
MC_320725,CNC_Lathe,2017,91381,71.81,7.67,76.3,57.35,97.08,140.52,351,8,1,FALSE,3,29,FALSE,0
MC_321255,CNC_Lathe,2016,91421,31.54,9.78,84.08,79.03,84.66,137.32,22,4,4,FALSE,5,0,TRUE,0
MC_321571,CNC_Lathe,2017,46389,75.23,16.83,63.87,100,89.89,270.96,118,1,1,FALSE,1,574,FALSE,0
MC_321678,CNC_Lathe,2017,45296,51.24,11.72,64.81,53.37,85.78,69.91,304,6,2,TRUE,3,487,FALSE,1
MC_324273,CNC_Lathe,2016,63658,42.12,5.92,83.59,52.27,67.57,115.54,138,6,5,FALSE,4,325,FALSE,0
MC_324299,CNC_Lathe,2017,10039,64.4,4.43,77.12,78.9,76.52,88.85,178,5,1,FALSE,1,918,FALSE,0
MC_324352,CNC_Lathe,2016,76626,70.15,11.66,66.89,58.67,100,41.61,17,3,4,FALSE,3,261,FALSE,0
MC_324461,CNC_Lathe,2017,23437,81.29,5.83,65.72,100,0,371.12,126,6,1,TRUE,5,844,FALSE,0
MC_326452,CNC_Lathe,2016,21984,69.17,3.85,70.08,70.93,100,118.76,263,8,1,FALSE,3,772,FALSE,0
MC_326916,CNC_Lathe,2017,40581,64.98,11.46,64.82,47.82,97.33,176.01,135,9,4,TRUE,4,581,FALSE,3
MC_328429,CNC_Lathe,2017,94812,79.35,9.61,71.66,49.37,50.78,189.18,152,6,1,FALSE,2,0,TRUE,0
MC_328471,CNC_Lathe,2016,37939,58.64,6.35,60.27,54.32,53.58,124.37,5,4,1,FALSE,4,611,FALSE,0
MC_329243,CNC_Lathe,2017,87675,75.94,04.04,85.88,95.51,83.69,112.96,185,12,2,FALSE,5,112,FALSE,0
MC_332833,CNC_Lathe,2017,57187,70.96,12.59,77.36,85.11,70.31,182.52,243,3,2,FALSE,2,445,FALSE,0
MC_335703,CNC_Lathe,2016,76227,53.16,5.54,80.27,70.18,33.46,74.66,139,5,4,TRUE,4,177,FALSE,6
MC_335898,CNC_Lathe,2016,746,39.52,9.94,54.76,92.23,49.94,7.95,64,8,4,FALSE,4,977,FALSE,0
MC_336997,CNC_Lathe,2016,33586,59.4,14.14,78.82,79.8,54.12,194.8,297,5,4,FALSE,2,661,FALSE,0
MC_337049,CNC_Lathe,2017,47395,56.1,4.84,73.39,85.75,40.31,153.36,336,2,5,TRUE,3,535,FALSE,2
MC_337239,CNC_Lathe,2017,74389,58.74,19.22,86.43,62.31,63.04,182.81,131,8,2,FALSE,3,266,FALSE,0
MC_338775,CNC_Lathe,2017,37044,51.97,9.88,92.6,81.25,39.23,132.79,287,6,4,TRUE,2,560,FALSE,2
MC_340616,CNC_Lathe,2016,62113,61.92,12.4,71.02,100,91.34,168.52,363,4,3,TRUE,5,213,FALSE,2
MC_341344,CNC_Lathe,2016,58170,68.78,10.92,71.94,62.55,80.62,151.41,343,6,1,TRUE,5,416,FALSE,1
MC_341648,CNC_Lathe,2016,51803,73.13,11.18,81.78,66.4,21.76,147.48,188,3,1,FALSE,2,423,FALSE,0
MC_342480,CNC_Lathe,2017,58052,78.97,7.46,69.69,68.22,39.6,88.26,106,9,5,FALSE,1,405,FALSE,0
MC_344282,CNC_Lathe,2016,44852,74.75,7.23,57.6,100,100,117.28,196,3,1,FALSE,3,512,FALSE,0
MC_345085,CNC_Lathe,2017,13615,49.32,11.82,78.32,78.47,30.49,226.47,319,2,1,TRUE,1,836,FALSE,5
MC_345445,CNC_Lathe,2016,29035,57.44,14.64,55.85,38.17,100,210.37,0,4,2,FALSE,3,654,FALSE,0
MC_347008,CNC_Lathe,2016,89264,49.09,3.51,69.61,100,23.38,6.38,27,7,4,FALSE,6,62,FALSE,0
MC_348490,CNC_Lathe,2017,62446,60.42,10.26,66.12,55.64,61.63,191.92,81,5,1,TRUE,2,288,FALSE,3
MC_348715,CNC_Lathe,2016,69344,56.79,16.88,84.93,95.29,81.19,25.33,278,3,2,TRUE,3,296,FALSE,1
MC_350148,CNC_Lathe,2016,33307,41.72,3.67,79.47,61.98,50.79,84.24,340,5,3,FALSE,6,644,FALSE,0
MC_350897,CNC_Lathe,2017,73680,52.4,11.78,80.84,79.77,59.98,160.98,248,5,1,FALSE,3,190,FALSE,0
MC_351090,CNC_Lathe,2016,30926,56.25,14.53,61.6,95.2,97.43,164.19,13,7,3,TRUE,3,645,FALSE,2
MC_352277,CNC_Lathe,2017,44951,33.89,5.22,79.06,54.38,77.3,99.19,75,7,3,FALSE,5,562,FALSE,0
MC_355241,CNC_Lathe,2017,37559,83.18,9.17,79.56,100,54.2,185.68,255,3,2,TRUE,1,551,FALSE,3
MC_355650,CNC_Lathe,2017,22910,71.19,12.73,70.16,79.11,58.25,213.8,78,3,2,TRUE,3,761,FALSE,1
MC_356156,CNC_Lathe,2016,15671,38.53,15.17,73.45,64.68,49.66,155.83,237,2,5,FALSE,3,771,FALSE,0
MC_357060,CNC_Lathe,2016,52041,52.31,11.76,82.96,89.85,45.05,97.09,141,4,1,FALSE,6,473,FALSE,0
MC_358035,CNC_Lathe,2016,71780,50.44,10.68,61.55,61.14,43.49,253.27,217,2,2,TRUE,5,199,FALSE,0
MC_358092,CNC_Lathe,2016,72480,66.98,11.97,91.37,11.03,65.91,213.9,87,5,3,TRUE,1,230,FALSE,2
MC_359084,CNC_Lathe,2016,79732,47.51,11.87,67.66,61.13,37.87,181.94,82,4,3,TRUE,2,134,FALSE,1
MC_359217,CNC_Lathe,2017,22875,62.35,20.87,72.78,74.85,33.01,159.33,234,5,4,FALSE,4,679,FALSE,0
MC_359327,CNC_Lathe,2016,79107,78.55,13.32,87.15,75.04,50.6,71.89,235,2,4,TRUE,3,152,FALSE,4
MC_359363,CNC_Lathe,2016,83408,40.27,1.77,50.87,78.94,48.39,209.54,154,5,1,FALSE,0,145,FALSE,0
MC_359642,CNC_Lathe,2016,17034,73.29,13.94,66.34,43.13,56.05,211.64,125,7,1,FALSE,2,768,FALSE,0
MC_359966,CNC_Lathe,2017,23095,65.08,15.16,79.4,39.34,88.65,64.79,170,4,3,FALSE,1,641,FALSE,0
MC_360332,CNC_Lathe,2017,68773,44.31,7.8,76.91,100,45.61,248.96,333,2,2,FALSE,3,295,FALSE,0
MC_361237,CNC_Lathe,2017,73391,62.36,19.01,58.82,48.56,97.24,246,276,3,2,FALSE,3,211,FALSE,0
MC_361343,CNC_Lathe,2017,75618,61.3,15.67,66.41,58.72,64.16,92.65,230,6,2,FALSE,5,146,FALSE,0
MC_361395,CNC_Lathe,2017,39123,57.21,3.83,78.57,45.78,87,59.45,176,5,2,TRUE,1,493,FALSE,2
MC_362170,CNC_Lathe,2017,74005,69.64,15.78,73.57,68.47,74.53,52.81,149,5,3,FALSE,6,203,FALSE,0
MC_362289,CNC_Lathe,2016,23858,42.67,6.66,87.19,68.39,87.68,161.57,358,8,1,TRUE,1,709,FALSE,0
MC_362747,CNC_Lathe,2016,65274,73.84,9.91,63.57,85.76,63.07,206.79,329,6,1,FALSE,0,313,FALSE,0
MC_363404,CNC_Lathe,2016,85643,64.98,8.8,69.35,95.31,47.69,101.43,257,5,2,TRUE,1,127,FALSE,1
MC_363548,CNC_Lathe,2017,40897,60.68,03.06,67.7,31.7,85.84,115.86,238,3,3,TRUE,3,541,FALSE,2
MC_363679,CNC_Lathe,2017,89219,34.71,9.98,72.96,66,72.6,237.66,88,5,4,TRUE,2,140,FALSE,7
MC_365174,CNC_Lathe,2016,74995,67.99,8.22,77.5,37.11,51.45,317.65,238,6,1,FALSE,2,209,FALSE,0
MC_366081,CNC_Lathe,2017,45873,76.59,11.86,63.72,50.95,66.33,322.86,23,3,2,TRUE,1,437,FALSE,0
MC_367391,CNC_Lathe,2017,71408,55.29,11.37,57.64,58.76,49.74,106.31,225,2,4,TRUE,5,208,FALSE,5
MC_368107,CNC_Lathe,2017,83068,47.1,13.17,76.43,63.22,84.9,124.14,362,4,3,FALSE,4,161,FALSE,0
MC_368521,CNC_Lathe,2016,47365,66.56,20.83,78.27,90.47,55.91,158.38,93,4,4,FALSE,7,412,FALSE,0
MC_368703,CNC_Lathe,2016,39665,92.84,0.94,89.07,41.89,84.69,7.97,221,5,1,TRUE,2,615,FALSE,4
MC_369221,CNC_Lathe,2017,94242,58.74,05.09,73.11,63.84,40.27,187.69,316,3,2,TRUE,5,41,FALSE,2
MC_371986,CNC_Lathe,2017,46564,54.53,7.64,67.33,100,45.72,80.38,235,6,1,FALSE,3,589,FALSE,0
MC_372268,CNC_Lathe,2017,80305,38.21,13.35,77.42,82.59,26.41,137.69,195,2,3,FALSE,8,175,FALSE,0
MC_372925,CNC_Lathe,2017,61371,49.06,12.77,77.42,51.66,78.3,166.59,202,4,3,TRUE,4,257,FALSE,4
MC_374960,CNC_Lathe,2016,18970,62.47,10.31,74.18,87.79,39.77,307.35,4,6,2,FALSE,4,732,FALSE,0
MC_375759,CNC_Lathe,2016,10418,60.65,8.95,66.96,54.03,48.56,86.15,103,3,3,TRUE,3,866,FALSE,5
MC_376392,CNC_Lathe,2017,83348,62.53,4.43,74.61,84,75.33,164.94,1,5,3,TRUE,4,206,FALSE,1
MC_376494,CNC_Lathe,2017,51732,28.07,6.15,70.49,50.02,81.72,148.16,64,4,3,FALSE,6,479,FALSE,0
MC_378969,CNC_Lathe,2016,927,42.19,17.53,90.58,87.21,100,165.22,209,1,4,FALSE,4,902,FALSE,0
MC_381456,CNC_Lathe,2017,81077,72.36,3.56,64.26,76.64,81.86,87.59,285,2,3,FALSE,1,174,FALSE,0
MC_381796,CNC_Lathe,2017,62904,56.79,9.34,81.28,72.23,65.07,99.84,69,7,1,FALSE,3,245,FALSE,0
MC_381954,CNC_Lathe,2016,18078,56,9.55,75.7,64.6,67.88,196.01,125,6,1,TRUE,5,765,FALSE,2
MC_382021,CNC_Lathe,2016,72833,53.8,6.25,77.24,59.3,33.59,79.61,81,7,1,TRUE,3,216,FALSE,7
MC_382723,CNC_Lathe,2016,52379,64.94,02.08,77.62,73.28,68.57,223.98,107,2,2,FALSE,4,394,FALSE,0
MC_383569,CNC_Lathe,2016,72016,57.16,6.52,81.24,71.65,77.47,205.36,286,5,1,TRUE,2,218,FALSE,3
MC_384505,CNC_Lathe,2016,22659,69.63,14.69,81.01,87.9,72.02,73.75,202,2,2,FALSE,4,621,FALSE,0
MC_385458,CNC_Lathe,2017,20662,46.65,5.7,82.85,75.15,100,155.01,252,6,4,FALSE,4,724,FALSE,0
MC_385683,CNC_Lathe,2017,31917,53.53,10.52,87.11,72.23,51.78,-14.34,201,2,2,FALSE,3,620,FALSE,0
MC_385708,CNC_Lathe,2016,81694,70.16,11.69,77.48,61.21,69.73,119.66,47,5,2,FALSE,2,125,FALSE,0
MC_387424,CNC_Lathe,2017,96177,77.27,8.42,50.33,84.19,60.57,165.13,60,7,2,FALSE,6,11,FALSE,0
MC_387842,CNC_Lathe,2016,12874,58.91,14.31,73.41,100,21.44,-62.25,76,2,2,TRUE,4,749,FALSE,2
MC_387922,CNC_Lathe,2016,47604,38.84,19.66,66.59,100,28.72,164.41,38,2,3,TRUE,2,401,FALSE,1
MC_388005,CNC_Lathe,2017,12391,45.13,15.81,84.26,34.65,89.01,235.94,299,3,2,FALSE,3,772,FALSE,0
MC_388030,CNC_Lathe,2017,69222,25.76,10.27,75.27,74.83,47.14,183.55,53,2,3,FALSE,6,379,FALSE,0
MC_388088,CNC_Lathe,2016,36438,48.73,17.75,64.8,71.8,85.2,192.41,55,9,3,FALSE,1,488,FALSE,0
MC_388219,CNC_Lathe,2016,29862,58.68,13.34,45.73,89.82,66.09,133.76,5,4,3,TRUE,2,621,FALSE,2
MC_390844,CNC_Lathe,2017,25365,58.03,10.09,69.7,80.36,75.29,197.55,21,4,2,FALSE,2,777,FALSE,0
MC_391079,CNC_Lathe,2017,79724,58.4,9.72,94.74,92.04,80.18,180.56,293,3,3,FALSE,4,119,FALSE,0
MC_392389,CNC_Lathe,2016,30842,94.66,9.83,80.46,41.83,86.93,149.89,261,6,1,FALSE,2,600,FALSE,0
MC_392588,CNC_Lathe,2016,77287,60.75,4.88,62.18,47.82,21.3,97.99,121,5,4,FALSE,3,241,FALSE,0
MC_392945,CNC_Lathe,2017,21958,34.72,3.21,71.75,100,61.28,151.89,136,8,4,FALSE,6,757,FALSE,0
MC_393737,CNC_Lathe,2016,88993,88.75,11.21,66.19,49.35,64.83,109.37,358,4,1,FALSE,4,59,FALSE,0
MC_393781,CNC_Lathe,2017,29294,50.78,8.85,62.04,60.73,45.14,147.37,62,7,2,FALSE,5,577,FALSE,0
MC_394692,CNC_Lathe,2016,10507,103.03,14.96,77.04,69.94,44.8,205.85,330,2,1,FALSE,3,776,FALSE,0
MC_394971,CNC_Lathe,2017,52524,68.08,5.34,74.67,16.93,50.05,163.2,63,6,1,FALSE,6,389,FALSE,0
MC_395273,CNC_Lathe,2017,72834,69.35,12.57,74.27,71.96,61.75,49,246,5,1,FALSE,4,174,FALSE,0
MC_395518,CNC_Lathe,2016,23638,79.66,8.83,78.65,83.15,100,84.46,71,5,4,FALSE,2,685,FALSE,0
MC_395898,CNC_Lathe,2016,3518,44.69,6.63,78.34,70.31,65.11,149.68,318,7,2,FALSE,2,907,FALSE,0
MC_396535,CNC_Lathe,2017,85260,73.87,4.65,76.72,65.84,52.11,230.81,353,5,2,FALSE,3,124,FALSE,0
MC_396755,CNC_Lathe,2017,71172,52.87,6.85,72.13,48.74,82.77,88.35,136,7,3,TRUE,2,248,FALSE,2
MC_396874,CNC_Lathe,2016,63508,59.32,9.47,63.61,74.26,51.43,107.67,164,9,3,TRUE,2,307,FALSE,0
MC_397234,CNC_Lathe,2017,34141,63.16,12.56,75.81,83.36,81.58,215.57,61,6,4,FALSE,2,541,FALSE,0
MC_400289,CNC_Lathe,2017,78891,60.16,18.54,75.56,60.25,91.66,173.9,127,5,3,TRUE,4,108,FALSE,2
MC_401786,CNC_Lathe,2017,14140,72.06,6.18,67.01,63.54,47.76,29.71,43,4,3,FALSE,2,786,FALSE,0
MC_402523,CNC_Lathe,2016,24829,63.94,16.22,92.88,43.74,22.86,209.74,269,2,3,FALSE,5,689,FALSE,0
MC_403804,CNC_Lathe,2017,20962,58.62,3.37,74.02,39.2,80.8,132.03,301,5,2,FALSE,2,817,FALSE,0
MC_403931,CNC_Lathe,2017,93193,74.39,6.96,66.95,74.04,70.1,74.47,282,2,2,FALSE,4,29,FALSE,0
MC_404314,CNC_Lathe,2016,29029,34.9,11.6,86.36,94.42,100,156.51,289,3,2,FALSE,1,695,FALSE,0
MC_404887,CNC_Lathe,2017,25911,49.88,10.24,98.3,74.25,77.72,90.17,304,6,1,FALSE,1,732,FALSE,0
MC_405134,CNC_Lathe,2017,83785,53.92,8.84,79.26,46.95,41.43,282.31,226,3,3,FALSE,2,210,FALSE,0
MC_406577,CNC_Lathe,2017,2902,71.14,5.71,74.9,58.57,47.15,148.08,42,6,3,FALSE,2,971,FALSE,0
MC_408712,CNC_Lathe,2017,13914,59.35,7.7,80.81,60.85,58.09,177.96,57,4,2,FALSE,4,776,FALSE,0
MC_408896,CNC_Lathe,2016,96355,41.42,16.71,75.56,41.05,92.78,144.98,329,10,3,FALSE,1,31,FALSE,0
MC_409186,CNC_Lathe,2017,59565,42.87,11.9,55.17,67.31,68.84,218.78,200,5,2,FALSE,1,313,FALSE,0
MC_409858,CNC_Lathe,2017,22868,57.86,9.6,80.87,70.98,72.71,-12.91,239,7,2,TRUE,1,640,FALSE,0
MC_410387,CNC_Lathe,2017,45381,59.82,6.97,79.52,65.68,33.32,200.46,300,1,2,TRUE,0,475,FALSE,1
MC_412080,CNC_Lathe,2017,91864,81.3,18.74,74.72,45.64,77.24,163.31,226,5,1,FALSE,2,41,FALSE,0
MC_412914,CNC_Lathe,2016,11323,61.73,5.76,64.93,53.06,36.35,103.77,317,2,2,FALSE,1,863,FALSE,0
MC_415402,CNC_Lathe,2017,49836,71.31,6.36,65.12,40.47,51.25,75,195,9,2,FALSE,1,432,FALSE,0
MC_415554,CNC_Lathe,2017,60619,63.12,6.59,81.56,62.11,44.61,184.43,39,3,2,TRUE,1,260,FALSE,2
MC_418888,CNC_Lathe,2017,90758,64.41,12.55,83.19,66.9,21.33,179.67,61,7,1,FALSE,5,47,FALSE,0
MC_419322,CNC_Lathe,2017,11900,41,4.97,83.59,41.07,100,167.99,84,7,3,TRUE,3,864,FALSE,1
MC_421700,CNC_Lathe,2017,94823,52.53,9.39,64.76,51.3,66.34,110.94,142,4,1,FALSE,2,0,TRUE,0
MC_421850,CNC_Lathe,2017,91134,39.09,18.05,62.41,66.28,85.11,140.86,79,10,2,FALSE,3,78,FALSE,0
MC_422548,CNC_Lathe,2017,89139,53.35,15.93,63.23,90.3,46.83,225.56,211,4,1,TRUE,1,20,FALSE,0
MC_422653,CNC_Lathe,2017,86530,66.69,09.05,88.57,62.89,39.13,127.04,220,4,4,FALSE,2,66,FALSE,0
MC_424859,CNC_Lathe,2017,54007,65.29,14.6,84.23,94.25,56.53,61.16,331,5,1,FALSE,4,405,FALSE,0
MC_425022,CNC_Lathe,2017,46352,33.56,5.87,83.74,62.73,25.09,14.26,334,8,1,FALSE,3,505,FALSE,0
MC_426543,CNC_Lathe,2016,51469,82.11,16.06,74.87,43.39,76.78,238.75,101,3,3,FALSE,1,455,FALSE,0
MC_426978,CNC_Lathe,2017,9763,81.43,23.6,87.5,91.38,27.04,207.61,48,3,4,FALSE,1,792,FALSE,0
MC_429162,CNC_Lathe,2016,7912,66.16,10.87,81.49,82.33,39.36,59.7,288,5,1,TRUE,1,889,FALSE,2
MC_430355,CNC_Lathe,2016,94640,72.81,17.48,75.16,74.82,67.34,227.84,294,4,5,FALSE,2,0,TRUE,0
MC_430647,CNC_Lathe,2016,87139,56.96,9.23,94.4,65.22,47.59,175.01,211,4,2,TRUE,4,72,FALSE,1
MC_432408,CNC_Lathe,2017,46575,43.46,12.46,80.76,65.72,50.12,255.75,179,4,3,FALSE,2,452,FALSE,0
MC_432527,CNC_Lathe,2017,51060,48.61,8.69,63.71,87.2,75.79,150.65,260,3,2,FALSE,1,434,FALSE,0
MC_433059,CNC_Lathe,2016,67782,49.22,9.98,67.97,94.43,100,178.97,35,5,1,FALSE,1,341,FALSE,0
MC_434107,CNC_Lathe,2016,6491,83.47,11.11,71.11,37.19,100,223.88,138,7,2,TRUE,1,941,FALSE,2
MC_434259,CNC_Lathe,2016,58408,28.99,16.34,55.66,65.16,81.12,86.2,260,7,1,FALSE,1,441,FALSE,0
MC_434417,CNC_Lathe,2017,57403,68.05,16.16,77.51,92.9,71.82,118.35,43,5,1,FALSE,3,444,FALSE,0
MC_434529,CNC_Lathe,2017,78652,81.51,16.52,70.87,63.98,100,159.69,125,5,1,TRUE,3,242,FALSE,1
MC_434572,CNC_Lathe,2016,38173,50.7,22.4,98.67,59.41,81.47,131.94,72,3,2,TRUE,2,485,FALSE,4
MC_434832,CNC_Lathe,2016,45528,58.16,11.63,84.37,69.07,83.01,186.47,128,3,3,FALSE,3,456,FALSE,0
MC_435046,CNC_Lathe,2017,18863,98.58,10.67,63.76,100,100,155.42,334,6,5,FALSE,1,695,FALSE,0
MC_435466,CNC_Lathe,2017,20592,45.94,16.03,69.69,32.17,100,81.78,329,6,2,FALSE,3,701,FALSE,0
MC_435549,CNC_Lathe,2017,10061,35.95,9.39,78.79,54.33,70.57,93.54,264,4,2,FALSE,0,915,FALSE,0
MC_435563,CNC_Lathe,2017,18271,40.86,15.96,78.36,81.17,1.3,38.79,136,3,1,FALSE,4,752,FALSE,0
MC_436833,CNC_Lathe,2017,85446,44.68,13.13,78.43,78.82,46.58,159.62,187,3,2,TRUE,4,0,TRUE,1
MC_437696,CNC_Lathe,2016,16329,51.87,12.94,77.91,79.61,60.54,147.73,145,5,2,FALSE,2,701,FALSE,0
MC_440517,CNC_Lathe,2016,4775,54.96,20.34,69.6,64.77,64.8,303.85,160,4,1,FALSE,2,906,FALSE,0
MC_440551,CNC_Lathe,2016,25512,52.26,8.15,76.83,100,82,214.09,359,4,3,FALSE,6,760,FALSE,0
MC_441039,CNC_Lathe,2017,27334,53.9,19.32,65.73,93.07,76.8,92.11,151,6,2,TRUE,1,635,FALSE,4
MC_442613,CNC_Lathe,2016,61844,45.19,14.41,55.9,100,100,234.53,18,3,1,TRUE,2,272,FALSE,1
MC_442641,CNC_Lathe,2017,30059,59.21,11.75,66.04,89.99,66.74,221.03,304,6,3,TRUE,4,658,FALSE,1
MC_444376,CNC_Lathe,2016,81181,71.84,13.18,93.33,78.22,68.37,134.17,91,7,5,FALSE,3,96,FALSE,0
MC_446163,CNC_Lathe,2017,96447,76.16,12.36,64.08,63.61,44.31,30.46,29,3,3,TRUE,4,124,FALSE,1
MC_447135,CNC_Lathe,2016,13910,58.16,-1.71,66.16,87.68,66.4,95.51,198,8,3,FALSE,5,824,FALSE,0
MC_448061,CNC_Lathe,2016,22615,76.45,2.66,67.05,100,30.54,265.81,160,6,2,FALSE,2,726,FALSE,0
MC_448198,CNC_Lathe,2016,8688,59.6,8.12,63.93,90.82,94.85,117.01,96,2,1,TRUE,1,857,FALSE,4
MC_448918,CNC_Lathe,2017,17807,69.77,11.42,91.87,77.62,78.62,93.02,300,1,3,FALSE,6,808,FALSE,0
MC_450102,CNC_Lathe,2016,21777,68.29,12.97,68.91,48.38,44.05,106.84,359,1,3,TRUE,1,784,FALSE,3
MC_450775,CNC_Lathe,2016,24056,51.54,14.52,72.72,100,71.23,-24.16,282,7,3,FALSE,4,700,FALSE,0
MC_450997,CNC_Lathe,2016,96857,76.82,6.93,64.75,89.08,55.62,55.98,29,7,3,FALSE,2,0,TRUE,0
MC_451042,CNC_Lathe,2016,73572,63.26,12.01,90.93,54.46,90.35,176.02,106,7,4,FALSE,2,147,FALSE,0
MC_451394,CNC_Lathe,2017,44542,36.1,11.91,61.07,68.47,91.48,201.46,342,1,1,FALSE,4,471,FALSE,0
MC_451833,CNC_Lathe,2017,20011,59.18,-0.86,66.09,77.12,94.7,72.91,69,1,5,FALSE,4,712,FALSE,0
MC_452278,CNC_Lathe,2016,28672,63.67,7.88,68.53,94.46,61.05,239.75,308,6,2,FALSE,3,710,FALSE,0
MC_453108,CNC_Lathe,2017,88233,45.22,6.9,99.23,55.66,43.61,168.24,297,1,1,FALSE,5,70,FALSE,0
MC_456006,CNC_Lathe,2017,59755,52.78,18.47,67.02,56.63,73.63,211.58,206,3,1,TRUE,6,349,FALSE,1
MC_456756,CNC_Lathe,2016,20641,83.11,12.4,64.72,74.73,57.01,235.51,277,7,2,FALSE,5,697,FALSE,0
MC_457531,CNC_Lathe,2016,10676,68.96,-1.42,77.46,31.73,41.86,123.19,73,7,2,FALSE,5,765,FALSE,0
MC_457559,CNC_Lathe,2017,10192,84.54,19.91,70.27,44.27,39.46,145.03,6,11,3,FALSE,2,917,FALSE,0
MC_459169,CNC_Lathe,2017,71386,63.23,11.2,65.64,63.64,25.68,138.4,245,3,2,FALSE,4,216,FALSE,0
MC_459915,CNC_Lathe,2016,50944,57.19,2.19,89.61,98.38,76.83,171.17,148,6,1,FALSE,4,474,FALSE,0
MC_459956,CNC_Lathe,2016,72685,45.77,20.84,64.44,67.03,86.37,222.4,7,3,2,FALSE,1,259,FALSE,0
MC_461255,CNC_Lathe,2017,80953,68.01,15.22,77.67,53.88,53.31,225.45,362,8,4,TRUE,5,111,FALSE,2
MC_462303,CNC_Lathe,2016,45388,76.48,2.51,73.53,83.74,50.95,103.26,78,8,1,FALSE,3,442,FALSE,0
MC_462305,CNC_Lathe,2017,89230,67.22,09.05,80.64,83.86,95.89,159.68,40,6,5,TRUE,8,0,TRUE,2
MC_462994,CNC_Lathe,2017,63982,63.57,4.37,84.78,29.76,56.08,74.86,157,6,3,FALSE,2,307,FALSE,0
MC_463332,CNC_Lathe,2016,81629,80.7,3.11,78.15,47.42,50.47,164.06,122,3,2,TRUE,5,148,FALSE,3
MC_464036,CNC_Lathe,2017,93826,54.09,12.8,82.58,67.54,37.66,207.23,286,5,1,TRUE,3,0,TRUE,2
MC_464153,CNC_Lathe,2016,81102,70.23,10.87,76.44,78.55,18.48,104.95,358,8,2,FALSE,1,152,FALSE,0
MC_464302,CNC_Lathe,2017,7763,90.86,15.95,75.43,35.14,52.52,166.76,358,3,5,FALSE,3,916,FALSE,0
MC_464854,CNC_Lathe,2016,40166,83.46,10.83,79.14,59.6,71.29,75.22,73,5,2,FALSE,4,493,FALSE,0
MC_466346,CNC_Lathe,2016,88440,54.69,16.24,77,91.87,61.57,227.49,208,5,2,FALSE,2,72,FALSE,0
MC_466709,CNC_Lathe,2016,77212,90.47,15.2,83.2,51.49,68.14,31.57,174,7,3,TRUE,2,124,FALSE,2
MC_466982,CNC_Lathe,2017,67716,79.32,10.05,80.62,58.85,73.55,12.89,365,9,2,FALSE,4,213,FALSE,0
MC_467598,CNC_Lathe,2016,11989,23.12,1.63,65.59,66.05,97.25,60.88,12,5,3,FALSE,6,868,FALSE,0
MC_467842,CNC_Lathe,2016,1724,66.4,13.92,71.25,100,62.39,143.91,229,4,4,FALSE,0,862,FALSE,0
MC_468990,CNC_Lathe,2016,90321,48.23,13.56,90.3,96.59,70.8,232.43,109,6,3,FALSE,2,46,FALSE,0
MC_469219,CNC_Lathe,2016,24297,95.74,07.02,62.95,55.82,82.42,-9.62,64,3,5,TRUE,5,708,FALSE,1
MC_471630,CNC_Lathe,2017,23661,48.27,11.95,70.93,46.72,41.07,318.21,361,6,8,TRUE,5,720,FALSE,1
MC_471671,CNC_Lathe,2016,67548,61.7,10.82,102.52,100,86.04,157.95,147,9,4,TRUE,3,227,FALSE,2
MC_472223,CNC_Lathe,2016,75602,62.79,11.97,70.73,85.84,25.99,168.66,11,7,2,FALSE,3,128,FALSE,0
MC_472805,CNC_Lathe,2016,8860,58.29,3.94,70.59,93.99,70.7,127.8,294,7,2,FALSE,4,869,FALSE,0
MC_472974,CNC_Lathe,2016,45859,57.7,13.25,59.19,66.54,100,261.26,42,2,3,FALSE,2,430,FALSE,0
MC_473145,CNC_Lathe,2017,87549,77.35,13.34,70.91,83.32,89.64,268.63,97,3,2,TRUE,4,85,FALSE,1
MC_474047,CNC_Lathe,2017,50256,58.58,10.65,56.31,60.48,60.21,98.26,311,4,2,FALSE,2,494,FALSE,0
MC_474426,CNC_Lathe,2016,36727,64.94,14.08,78.2,67.57,38.6,173.04,14,6,4,FALSE,2,577,FALSE,0
MC_475655,CNC_Lathe,2017,21208,69.2,11.5,79.52,63.77,0,342.09,319,4,2,TRUE,2,745,FALSE,2
MC_476329,CNC_Lathe,2017,65373,82.9,10.88,73.18,78.79,62.26,42.78,339,1,4,FALSE,0,159,FALSE,0
MC_478881,CNC_Lathe,2017,50388,56.29,22.33,50.59,79.67,52.97,182.26,125,3,1,FALSE,2,349,FALSE,0
MC_479963,CNC_Lathe,2016,1812,66.56,8.42,73.08,60.77,63.26,217.94,349,4,3,FALSE,1,930,FALSE,0
MC_480705,CNC_Lathe,2016,99660,58.83,12.15,65.52,82.48,58.94,137.57,58,7,3,FALSE,3,0,TRUE,0
MC_481187,CNC_Lathe,2016,73997,66.43,6.22,76.95,100,66.11,118.48,102,1,3,FALSE,3,214,FALSE,0
MC_483225,CNC_Lathe,2016,99175,70.85,03.05,83.55,68.81,63.51,170.54,55,6,1,FALSE,2,0,TRUE,0
MC_483237,CNC_Lathe,2016,52604,60.5,7.31,54.71,44.87,100,26.75,311,7,1,FALSE,0,420,FALSE,0
MC_483689,CNC_Lathe,2016,98278,69.4,7.31,55.45,62.95,100,217.87,306,6,3,FALSE,1,0,TRUE,0
MC_483735,CNC_Lathe,2017,9227,51.67,5.43,72.12,47.3,88.12,164.18,299,6,3,FALSE,6,927,FALSE,0
MC_484985,CNC_Lathe,2017,60294,51.74,5.15,77.07,100,6.06,205.19,106,7,3,FALSE,2,384,FALSE,0
MC_487157,CNC_Lathe,2017,84883,39.82,20.56,74.44,41.16,67.25,138.5,292,6,2,TRUE,0,76,FALSE,0
MC_487547,CNC_Lathe,2017,26316,47.1,11.8,67.78,82,57,107.98,76,10,2,TRUE,3,675,FALSE,2
MC_487692,CNC_Lathe,2017,30983,72.91,15.94,65.1,67.68,64.55,241.73,124,5,5,FALSE,2,664,FALSE,0
MC_492347,CNC_Lathe,2016,29690,57.23,5.73,83.89,25.49,60.81,15.73,227,1,5,TRUE,6,681,FALSE,0
MC_492770,CNC_Lathe,2017,22727,75.88,8.14,60.72,64.27,36.37,120.99,65,6,3,TRUE,5,731,FALSE,2
MC_496104,CNC_Lathe,2016,6165,54.42,2.47,81.37,83.78,100,144.2,253,3,3,FALSE,1,936,FALSE,0
MC_497248,CNC_Lathe,2016,91732,82.07,4.95,88.06,65.13,88.32,284.85,43,7,1,FALSE,3,23,FALSE,0
MC_497968,CNC_Lathe,2016,69281,28.42,8.13,80.19,76.77,56.13,152.53,217,6,3,FALSE,3,281,FALSE,0
MC_498721,CNC_Lathe,2017,91945,63.07,13.54,79.75,86.89,71.54,203.91,320,5,3,TRUE,2,0,TRUE,5
MC_498819,CNC_Lathe,2017,60238,84.9,09.06,60.01,57.56,80.38,182.41,101,3,2,TRUE,1,325,FALSE,4
MC_499319,CNC_Lathe,2017,87295,60.31,09.04,67.79,60.69,83.48,57.8,89,2,2,TRUE,2,4,TRUE,2
MC_499868,CNC_Lathe,2016,93524,60.61,9.64,77.92,66.11,78.27,230.69,175,8,2,TRUE,3,32,FALSE,2
